timestamp,TimeUS,DesR,R,IR,IRErr,DesP,P,DesY,Y,ErrRP,ErrYaw
1526667330.18400002,29471540,0.0,1.05,0.0,9752.79785156,0.0,0.43,353.26,353.26,0.0,0.0
1526667330.28396010,29571500,0.0,1.08,0.0,9859.49804688,0.0,0.42,353.2,353.2,0.0,0.0
1526667330.38391995,29671460,0.0,1.11,0.0,9986.90917969,0.0,0.41,353.14,353.14,0.0,0.0
1526667330.48388004,29771420,0.0,1.13,0.0,10137.0341797,0.0,0.41,353.05,353.05,0.0,0.0
1526667330.58384013,29871380,0.0,1.15,0.0,10296.8447266,0.0,0.42,352.96,352.96,0.0,0.0
1526667330.68379998,29971340,0.0,1.17,0.0,10464.3632812,0.0,0.43,352.87,352.87,0.0,0.0
1526667330.78376007,30071300,0.0,1.18,0.0,10633.2324219,0.0,0.44,352.77,352.77,0.0,0.0
1526667330.88372016,30171260,0.0,1.21,0.0,10802.3925781,0.0,0.44,352.66,352.66,0.0,0.0
1526667330.98368001,30271220,0.0,1.23,0.0,10985.4443359,0.0,0.43,352.58,352.58,0.0,0.0
1526667331.08364010,30371180,0.0,1.24,0.0,11173.6533203,0.0,0.43,352.51,352.51,0.0,0.0
1526667331.18359995,30471140,0.0,1.23,0.0,11341.546875,0.0,0.41,352.44,352.44,0.0,0.0
1526667331.28356004,30571100,0.0,1.24,0.0,11493.2919922,0.0,0.39,352.37,352.37,0.0,0.0
1526667331.38352013,30671060,0.0,1.25,0.0,11648.6123047,0.0,0.38,352.3,352.3,0.0,0.0
1526667331.48347998,30771020,0.0,1.26,0.0,15819.5253906,0.0,0.37,352.25,352.25,0.0,0.0
1526667331.58344007,30870980,0.0,1.27,0.0,15866.7373047,0.0,0.38,352.21,352.21,0.0,0.0
1526667331.68340015,30970940,0.0,1.27,0.0,15954.1582031,0.0,0.39,352.2,352.2,0.0,0.0
1526667331.78336000,31070900,0.0,1.28,0.0,16021.7753906,0.0,0.41,352.2,352.2,0.0,0.0
1526667331.88332009,31170860,0.0,1.28,0.0,16094.2197266,0.0,0.42,352.18,352.18,0.0,0.0
1526667331.98327994,31270820,0.0,1.3,0.0,16191.8583984,0.0,0.42,352.19,352.19,0.0,0.0
1526667332.08324003,31370780,0.0,1.3,0.0,16293.0214844,0.0,0.43,352.21,352.21,0.0,0.07
1526667332.18320012,31470740,0.0,1.3,0.0,16368.8935547,0.0,0.42,352.26,352.26,0.0,0.08
1526667332.28399301,31571533,0.0,1.29,0.0,16425.7480469,0.0,0.39,352.35,352.35,0.0,0.08
1526667332.38395309,31671493,0.0,1.28,0.0,16434.421875,0.0,0.35,352.41,352.41,0.0,0.0
1526667332.48391294,31771453,0.0,1.27,0.0,16411.8730469,0.0,0.33,352.49,352.49,0.0,0.0
1526667332.58387303,31871413,0.0,1.24,0.0,16358.3935547,0.0,0.33,352.57,352.57,0.0,0.0
1526667332.68383312,31971373,0.0,1.19,0.0,16229.2402344,0.0,0.34,352.66,352.66,0.0,0.0
1526667332.78379297,32071333,0.0,1.14,0.0,16032.1269531,0.0,0.34,352.74,352.74,0.0,0.0
1526667332.88375306,32171293,0.0,1.13,0.0,15824.421875,0.0,0.34,352.83,352.83,0.0,0.0
1526667332.98371315,32271253,0.0,1.13,0.0,15633.4580078,0.0,0.34,352.94,352.94,0.0,0.0
1526667333.08367300,32371213,0.0,1.11,0.0,15449.4355469,0.0,0.34,353.07,353.07,0.0,0.0
1526667333.18363309,32471173,0.0,1.09,0.0,15259.7197266,0.0,0.32,353.2,353.2,0.0,0.0
1526667333.28359294,32571133,0.0,1.09,0.0,15081.8925781,0.0,0.31,353.31,353.31,0.0,0.0
1526667333.38355303,32671093,0.0,1.09,0.0,14921.8476562,0.0,0.29,353.42,353.42,0.0,0.0
1526667333.48351312,32771053,0.0,1.09,0.0,14777.0449219,0.0,0.28,353.52,353.52,0.0,0.0
1526667333.58347297,32871013,0.0,1.12,0.0,14661.6582031,0.0,0.28,353.63,353.63,0.0,0.0
1526667333.68343306,32970973,0.0,1.16,0.0,14588.8115234,0.0,0.26,353.74,353.74,0.0,0.0
1526667333.78339314,33070933,0.0,1.18,0.0,14550.125,0.0,0.25,353.85,353.85,0.0,0.0
1526667333.88335299,33170893,0.0,1.19,0.0,14528.8720703,0.0,0.23,353.94,353.94,0.0,0.0
1526667333.98331308,33270853,0.0,1.19,0.0,14514.7226562,0.0,0.21,354.02,354.02,0.0,0.0
1526667334.08327293,33370813,0.0,1.19,0.0,14340.25,0.0,0.22,354.12,354.12,0.0,0.0
1526667334.18323302,33470773,0.0,1.19,0.0,14250.625,0.0,0.21,354.24,354.24,0.0,0.07
1526667334.28319311,33570733,0.0,1.17,0.0,14157.6835938,0.0,0.2,354.38,354.38,0.0,0.07
1526667334.38398600,33671526,0.0,1.14,0.0,13959.3496094,0.0,0.17,354.52,354.52,0.0,0.07
1526667334.48394608,33771486,0.0,1.12,0.0,13723.5996094,0.0,0.14,354.66,354.66,0.0,0.01
1526667334.58390594,33871446,0.0,1.11,0.0,13505.6289062,0.0,0.12,354.8,354.8,0.0,0.0
1526667334.68386602,33971406,0.0,1.12,0.0,13357.9003906,0.0,0.08,354.94,354.94,0.0,0.0
1526667334.78382611,34071366,0.0,1.09,0.0,13213.1376953,0.0,0.03,355.08,355.08,0.0,0.0
1526667334.88378596,34171326,0.0,1.05,0.0,13026.8496094,0.0,-0.02,355.2,355.2,0.0,0.0
1526667334.98374605,34271286,0.0,1.02,0.0,12795.9873047,0.0,-0.06,355.33,355.33,0.0,0.0
1526667335.08370614,34371246,0.0,0.98,0.0,12562.4404297,-0.06,-0.11,355.44,355.47,0.0,0.0
1526667335.18366599,34471206,-0.15,0.69,-0.01,12110.5292969,-0.05,-0.19,355.44,355.61,0.0,0.0
1526667335.28362608,34571166,-0.26,0.4,-0.06,11436.2080078,-0.05,-0.24,355.44,355.66,0.0,0.0
1526667335.38358593,34671126,-0.3,0.19,-0.12,10724.8505859,-0.04,-0.26,355.44,355.65,0.0,0.0
1526667335.48354602,34771086,-0.35,0.0,-0.2,10054.4375,-0.04,-0.26,355.44,355.59,0.0,0.0
1526667335.58350611,34871046,-0.36,-0.12,-0.27,9445.49707031,-0.03,-0.26,355.44,355.5,0.0,0.0
1526667335.68346596,34971006,-0.4,-0.2,-0.33,8901.3203125,0.0,-0.25,355.44,355.4,0.0,0.0
1526667335.78342605,35070966,-0.4,-0.27,-0.37,8415.64257812,0.04,-0.22,355.44,355.29,0.0,0.0
1526667335.88338614,35170926,-0.39,-0.36,-0.4,7976.13134766,0.08,-0.2,355.44,355.21,0.0,0.0
1526667335.98334599,35270886,-0.33,-0.41,-0.41,7577.69140625,0.12,-0.15,355.44,355.1,0.0,0.0
1526667336.08330607,35370846,-0.28,-0.46,-0.39,7217.55175781,0.11,-0.05,355.44,355.04,0.0,0.0
1526667336.18326592,35470806,-0.19,-0.5,-0.35,6894.82080078,0.14,0.04,355.44,355.09,0.0,0.0
1526667336.28322601,35570766,-0.1,-0.49,-0.28,6609.49560547,0.14,0.15,355.44,355.19,0.0,0.07
1526667336.38401914,35671559,0.01,-0.41,-0.2,6352.20166016,0.1,0.28,355.44,355.38,0.0,0.07
1526667336.48397899,35771519,0.08,-0.24,-0.1,6111.15478516,0.04,0.4,355.44,355.55,0.0,0.01
1526667336.58393908,35871479,0.17,-0.1,0.0,5881.29394531,-0.04,0.45,355.44,355.69,0.0,0.0
1526667336.68389893,35971439,0.21,0.02,0.09,73.2809371948,-0.16,0.43,355.44,355.8,0.0,0.0
1526667336.78385901,36071399,0.25,0.18,0.17,46.0843963623,-0.27,0.33,355.44,355.89,0.0,0.0
1526667336.88381910,36171359,0.24,0.31,0.23,37.7789268494,-0.37,0.19,355.44,355.92,0.0,0.0
1526667336.98377895,36271319,0.18,0.41,0.26,60.0201416016,-0.42,0.0,355.44,355.91,0.0,0.0
1526667337.08373904,36371279,0.06,0.47,0.25,117.042137146,-0.44,-0.24,355.44,355.85,0.0,0.0
1526667337.18369913,36471239,-0.06,0.39,0.2,172.80758667,-0.46,-0.41,355.44,355.75,0.0,0.0
1526667337.28365898,36571199,-0.19,0.27,0.1,189.29447937,-0.39,-0.45,355.44,355.6,0.0,0.0
1526667337.38361907,36671159,-0.3,0.16,-0.01,203.225372314,-0.3,-0.55,355.44,355.45,0.0,0.0
1526667337.48357916,36771119,-0.35,-0.04,-0.14,201.82194519,-0.19,-0.63,355.44,355.3,0.0,0.0
1526667337.58353901,36871079,-0.33,-0.26,-0.25,184.712524414,-0.06,-0.61,355.44,355.18,0.0,0.0
1526667337.68349910,36971039,-0.28,-0.42,-0.33,170.155776978,0.08,-0.5,355.44,355.11,0.0,0.0
1526667337.78345895,37070999,-0.18,-0.54,-0.36,173.074371338,0.23,-0.31,355.44,355.07,0.0,0.0
1526667337.88341904,37170959,-0.08,-0.56,-0.33,188.277755737,0.37,-0.12,356.57,356.13,0.0,0.0
1526667337.98337913,37270919,0.02,-0.55,-0.27,217.978485107,0.47,0.11,356.57,356.13,0.0,0.0
1526667338.08333898,37370879,0.14,-0.51,-0.17,272.207611084,0.48,0.35,356.57,356.16,0.0,0.0
1526667338.18329906,37470839,0.23,-0.34,-0.04,317.866790771,0.45,0.62,356.57,356.16,0.0,0.0
1526667338.28325915,37570799,0.31,-0.16,0.08,340.994934082,0.34,0.75,356.57,356.23,0.0,0.0
1526667338.38321900,37670759,0.37,0.0,0.2,348.396972656,0.21,0.73,356.57,356.3,0.0,0.06
1526667338.48401213,37771552,0.38,0.14,0.31,350.942016602,0.11,0.68,356.57,356.4,0.0,0.07
1526667338.58397198,37871512,0.38,0.29,0.38,342.960479736,0.01,0.56,356.57,356.5,0.0,0.01
1526667338.68393207,37971472,0.29,0.45,0.42,327.774902344,-0.08,0.37,356.57,356.55,0.0,0.0
1526667338.78389215,38071432,0.19,0.53,0.4,315.372253418,-0.15,0.15,356.57,356.54,0.0,0.0
1526667338.88385201,38171392,0.06,0.55,0.34,314.037536621,-0.19,-0.04,356.57,356.48,0.0,0.0
1526667338.98381209,38271352,-0.06,0.48,0.24,320.736022949,-0.18,-0.27,356.57,356.54,0.0,0.0
1526667339.08377194,38371312,-0.16,0.36,0.12,330.786773682,-0.09,-0.44,356.57,356.6,0.0,0.0
1526667339.18373203,38471272,-0.26,0.08,-0.01,330.657501221,0.06,-0.47,356.57,356.66,0.0,0.0
1526667339.28369212,38571232,-0.34,-0.16,-0.14,17.184551239,0.22,-0.34,356.57,356.78,0.0,0.0
1526667339.38365197,38671192,-0.36,-0.31,-0.26,12.7115497589,0.34,-0.24,356.57,356.89,0.0,0.0
1526667339.48361206,38771152,-0.34,-0.41,-0.35,17.5086765289,0.4,-0.12,356.57,357.03,0.0,0.0
1526667339.58357215,38871112,-0.24,-0.44,-0.39,19.0549411774,0.48,-0.02,356.56,357.07,0.0,0.0
1526667339.68353200,38971072,-0.18,-0.53,-0.38,35.7904205322,0.5,0.09,356.56,357.12,0.0,0.0
1526667339.78349209,39071032,-0.1,-0.57,-0.34,91.949432373,0.52,0.24,356.56,357.13,0.0,0.0
1526667339.88345194,39170992,0.01,-0.52,-0.26,171.631820679,0.5,0.43,356.56,357.21,0.0,0.0
1526667339.98341203,39270952,0.13,-0.39,-0.15,231.646697998,0.44,0.56,356.56,357.2,0.0,0.0
1526667340.08337212,39370912,0.22,-0.2,-0.03,253.838928223,0.34,0.68,356.56,357.15,0.0,0.0
1526667340.18333197,39470872,0.27,0.05,0.09,240.634338379,0.23,0.74,356.56,357.05,0.0,0.0
1526667340.28329206,39570832,0.27,0.28,0.2,220.439910889,0.09,0.67,356.56,356.94,0.0,0.0
1526667340.38325214,39670792,0.2,0.47,0.27,219.705307007,-0.05,0.51,356.56,356.79,0.0,0.07
1526667340.48321199,39770752,0.08,0.57,0.29,250.608459473,-0.21,0.31,356.56,356.69,0.0,0.07
1526667340.58400512,39871545,-0.02,0.56,0.25,295.466400146,-0.32,0.11,356.56,356.57,0.0,0.07
1526667340.68396497,39971505,-0.13,0.51,0.18,345.534301758,-0.37,-0.09,356.56,356.5,0.0,0.0
1526667340.78392506,40071465,-0.25,0.37,0.06,390.186981201,-0.34,-0.34,356.56,356.37,0.0,0.0
1526667340.88388515,40171425,-0.36,0.16,-0.06,406.734222412,-0.26,-0.47,356.56,356.3,0.0,0.0
1526667340.98384500,40271385,-0.45,-0.04,-0.2,403.917785645,-0.16,-0.5,356.56,356.34,0.0,0.0
1526667341.08380508,40371345,-0.48,-0.21,-0.33,393.830993652,-0.06,-0.49,356.56,356.4,0.0,0.0
1526667341.18376493,40471305,-0.43,-0.36,-0.43,378.599975586,0.04,-0.46,356.56,356.41,0.0,0.0
1526667341.28372502,40571265,-0.32,-0.46,-0.48,362.004577637,0.2,-0.37,356.56,356.41,0.0,0.0
1526667341.38368511,40671225,-0.22,-0.54,-0.47,346.006530762,0.33,-0.21,356.56,356.4,0.0,0.0
1526667341.48364496,40771185,-0.09,-0.54,-0.41,335.287261963,0.43,-0.01,356.56,356.4,0.0,0.0
1526667341.58360505,40871145,0.05,-0.52,-0.31,333.372619629,0.46,0.17,356.56,356.4,0.0,0.0
1526667341.68356514,40971105,0.2,-0.47,-0.17,345.93081665,0.43,0.36,356.56,356.39,0.0,0.0
1526667341.78352499,41071065,0.35,-0.31,-0.01,369.497497559,0.37,0.54,356.56,356.34,0.0,0.0
1526667341.88348508,41171025,0.49,-0.08,0.16,730.797119141,0.33,0.65,356.56,356.32,0.0,0.0
1526667341.98344493,41270985,0.67,0.15,0.34,602.423706055,-0.1,0.69,11.87,356.58,0.0,0.01
1526667342.08340502,41370945,0.86,0.47,0.53,464.190063477,-0.99,0.52,11.87,357.64,0.0,0.02
1526667342.18336511,41470905,0.9,0.78,0.71,351.827575684,-1.63,0.06,11.87,359.4,0.0,0.03
1526667342.28332496,41570865,0.84,1.03,0.83,323.020721436,-2.19,-0.54,11.87,1.69,0.0,0.03
1526667342.38328505,41670825,0.65,1.07,0.89,330.694030762,-2.74,-1.18,11.87,4.41,0.0,0.03
1526667342.48324513,41770785,0.4,0.99,0.84,323.472839355,-3.28,-1.83,11.87,7.24,0.0,0.04
1526667342.58320498,41870745,0.1,0.82,0.7,306.430450439,-3.79,-2.49,11.87,9.9,0.0,0.04
1526667342.68399811,41971538,-0.21,0.54,0.47,282.252563477,-4.27,-3.14,11.87,12.22,0.0,0.05
1526667342.78395796,42071498,-0.46,0.18,0.18,255.077056885,-4.71,-3.69,11.87,13.95,0.0,0.02
1526667342.88391805,42171458,-0.63,-0.14,-0.12,232.037078857,-5.12,-4.14,11.87,15.05,0.0,0.01
1526667342.98387814,42271418,-0.73,-0.38,-0.41,212.89692688,-5.51,-4.52,11.87,15.51,0.0,0.0
1526667343.08383799,42371378,-0.75,-0.59,-0.64,197.614608765,-5.92,-4.91,11.87,15.43,0.0,0.0
1526667343.18379807,42471338,-0.68,-0.69,-0.79,188.088989258,-6.32,-5.27,11.87,14.95,0.0,0.0
1526667343.28375793,42571298,-0.56,-0.67,-0.85,190.368621826,-6.74,-5.64,11.87,14.19,0.0,0.0
1526667343.38371801,42671258,-0.38,-0.58,-0.81,207.197265625,-7.13,-6.01,11.87,13.35,0.0,0.0
1526667343.48367810,42771218,-0.16,-0.44,-0.69,231.064407349,-7.52,-6.39,11.87,12.51,0.0,0.0
1526667343.58363795,42871178,0.05,-0.29,-0.5,249.878601074,-7.87,-6.79,11.87,11.81,0.0,0.0
1526667343.68359804,42971138,0.22,-0.14,-0.26,253.721008301,-8.09,-7.2,11.87,11.31,0.0,0.0
1526667343.78355813,43071098,0.33,-0.03,-0.02,244.053375244,-8.08,-7.52,11.87,10.99,0.0,0.0
1526667343.88351798,43171058,0.4,0.04,0.19,236.298294067,-8.01,-7.71,11.87,10.78,0.0,0.0
1526667343.98347807,43271018,0.46,0.08,0.37,247.770935059,-7.94,-7.83,11.87,10.65,0.0,0.0
1526667344.08343816,43370978,0.48,0.16,0.5,282.600189209,-7.87,-7.87,11.87,10.64,0.0,0.0
1526667344.18339801,43470938,0.49,0.24,0.57,320.083526611,-7.84,-7.9,11.87,10.77,0.0,0.0
1526667344.28335810,43570898,0.47,0.24,0.61,358.840270996,-7.84,-7.95,11.87,11.02,0.0,0.0
1526667344.38331795,43670858,0.44,0.24,0.6,398.73348999,-8.17,-8.03,11.87,11.33,0.0,0.0
1526667344.48327804,43770818,0.44,0.27,0.56,1132.57275391,-8.67,-8.15,11.87,11.69,0.0,0.0
1526667344.58323812,43870778,0.35,0.31,0.51,892.202453613,-9.24,-8.37,11.87,12.1,0.0,0.07
1526667344.68319798,43970738,0.23,0.3,0.43,688.363952637,-9.8,-8.67,11.87,12.42,0.0,0.07
1526667344.78399110,44071531,0.14,0.33,0.33,531.109802246,-10.04,-9.07,11.87,12.64,0.0,0.07
1526667344.88395095,44171491,0.09,0.3,0.23,427.802032471,-10.09,-9.47,11.87,12.7,0.0,0.01
1526667344.98391104,44271451,0.06,0.27,0.13,374.707794189,-10.11,-9.78,11.87,12.67,0.0,0.0
1526667345.08387113,44371411,0.0,0.21,0.05,350.041107178,-10.05,-10.03,11.87,12.63,0.0,0.0
1526667345.18383098,44471371,-0.02,0.09,0.0,327.206512451,-9.79,-10.22,11.87,12.51,0.0,0.0
1526667345.28379107,44571331,0.03,-0.19,-0.04,296.954803467,-7.37,-10.01,11.87,12.35,0.0,0.0
1526667345.38375115,44671291,0.09,-0.47,-0.04,362.858001709,-6.3,-9.21,11.87,12.12,0.0,0.01
1526667345.48371100,44771251,0.15,-0.59,-0.01,572.916015625,-5.87,-8.23,11.87,11.86,0.0,0.01
1526667345.58367109,44871211,0.26,-0.51,0.03,790.856872559,-5.63,-7.38,11.87,11.64,0.0,0.0
1526667345.68363094,44971171,0.4,-0.33,0.12,922.619018555,-5.6,-6.67,11.87,11.52,0.0,0.0
1526667345.78359103,45071131,0.54,-0.06,0.24,956.92578125,-5.74,-6.13,11.87,11.36,0.0,0.0
1526667345.88355112,45171091,0.63,0.24,0.37,923.416992188,-5.77,-5.82,11.87,11.28,0.0,0.0
1526667345.98351097,45271051,0.63,0.5,0.49,869.844421387,-5.96,-5.72,11.87,11.23,0.0,0.0
1526667346.08347106,45371011,0.57,0.75,0.58,824.055725098,-6.19,-5.78,11.87,11.22,0.0,0.01
1526667346.18343115,45470971,0.49,0.87,0.63,801.914489746,-6.41,-5.93,11.87,11.24,0.0,0.0
1526667346.28339100,45570931,0.37,0.89,0.61,794.59588623,-6.62,-6.1,11.87,11.36,0.0,0.0
1526667346.38335109,45670891,0.25,0.82,0.55,791.40447998,-6.82,-6.3,11.87,11.46,0.0,0.0
1526667346.48331094,45770851,0.17,0.74,0.46,788.695007324,-7.05,-6.5,11.87,11.53,0.0,0.0
1526667346.58327103,45870811,0.05,0.61,0.34,789.754272461,-7.23,-6.78,11.87,11.67,0.0,0.0
1526667346.68323112,45970771,-0.06,0.49,0.2,790.10760498,-7.41,-7.01,11.87,11.84,0.0,0.07
1526667346.78402400,46071564,-0.18,0.36,0.06,791.075256348,-7.54,-7.22,11.87,12.09,0.0,0.08
1526667346.88398409,46171524,-0.26,0.19,-0.07,790.381958008,-7.64,-7.45,11.87,12.34,0.0,0.01
1526667346.98394394,46271484,-0.3,0.04,-0.18,783.258544922,-7.71,-7.58,11.87,12.47,0.0,0.0
1526667347.08390403,46371444,-0.32,-0.08,-0.28,435.568023682,-7.87,-7.66,11.87,12.59,0.0,0.0
1526667347.18386412,46471404,-0.33,-0.22,-0.34,363.621154785,-7.92,-7.69,11.87,12.64,0.0,0.0
1526667347.28382397,46571364,-0.26,-0.36,-0.36,261.556732178,-7.94,-7.74,11.87,12.64,0.0,0.0
1526667347.38378406,46671324,-0.2,-0.4,-0.35,197.975845337,-7.92,-7.76,11.87,12.6,0.0,0.0
1526667347.48374414,46771284,-0.13,-0.34,-0.31,161.147918701,-8.03,-7.8,11.87,12.47,0.0,0.0
1526667347.58370399,46871244,-0.02,-0.23,-0.23,134.778213501,-8.02,-7.83,11.87,12.29,0.0,0.0
1526667347.68366408,46971204,0.09,-0.12,-0.14,116.249824524,-8.07,-7.88,11.87,12.1,0.0,0.0
1526667347.78362393,47071164,0.18,-0.07,-0.02,102.312911987,-8.12,-7.89,11.87,11.97,0.0,0.0
1526667347.88358402,47171124,0.23,-0.05,0.08,101.988555908,-8.1,-7.89,11.87,11.85,0.0,0.0
1526667347.98354411,47271084,0.27,0.0,0.18,118.294822693,-8.19,-7.92,11.87,11.78,0.0,0.0
1526667348.08350396,47371044,0.3,0.06,0.26,145.015136719,-8.18,-7.95,11.87,11.75,0.0,0.0
1526667348.18346405,47471004,0.32,0.06,0.32,180.903747559,-8.18,-7.98,11.87,11.74,0.0,0.0
1526667348.28342414,47570964,0.35,0.07,0.36,225.164733887,-8.2,-8.04,11.87,11.75,0.0,0.0
1526667348.38338399,47670924,0.39,0.06,0.39,281.333190918,-8.22,-8.11,11.87,11.81,0.0,0.0
1526667348.48334408,47770884,0.44,0.05,0.41,344.83493042,-8.1,-8.14,11.87,11.85,0.0,0.0
1526667348.58330393,47870844,0.49,0.07,0.43,406.228637695,-7.68,-8.14,11.87,11.86,0.0,0.0
1526667348.68326402,47970804,0.56,0.1,0.45,459.951782227,-7.1,-7.99,11.87,11.87,0.0,0.0
1526667348.78322411,48070764,0.63,0.19,0.49,495.010467529,-6.41,-7.74,11.87,11.84,0.0,0.07
1526667348.88401699,48171557,0.7,0.24,0.54,516.93963623,-5.64,-7.39,11.87,11.82,0.0,0.08
1526667348.98397708,48271517,0.78,0.25,0.6,548.284362793,-4.76,-6.88,11.87,11.84,0.0,0.0
1526667349.08393693,48371477,0.83,0.24,0.67,595.364868164,-3.74,-6.24,11.87,11.85,0.0,0.0
1526667349.18389702,48471437,0.88,0.22,0.74,675.45715332,-2.8,-5.4,11.87,11.85,0.0,0.0
1526667349.28385711,48571397,0.96,0.22,0.81,777.730407715,-1.38,-4.44,11.87,11.83,0.0,0.0
1526667349.38381696,48671357,1.04,0.13,0.88,928.888305664,-0.18,-3.33,245.54,11.7,0.0,0.0
1526667349.48377705,48771317,1.06,0.08,0.95,1165.3494873,0.68,-2.2,245.54,10.83,0.0,0.01
1526667349.58373713,48871277,1.05,0.18,1.0,1404.72949219,1.44,-1.12,245.54,9.23,0.0,0.02
1526667349.68369699,48971237,0.94,0.31,1.03,5932.58886719,2.11,-0.17,245.54,7.06,0.0,0.02
1526667349.78365707,49071197,0.56,0.39,1.0,5162.953125,2.88,0.71,245.54,4.49,0.0,0.03
1526667349.88361692,49171157,-0.07,0.31,0.84,4564.26220703,3.55,1.53,245.54,1.58,0.0,0.03
1526667349.98357701,49271117,-0.74,0.08,0.53,4031.5612793,3.61,2.22,245.54,358.34,0.0,0.04
1526667350.08353710,49371077,-1.41,-0.2,0.06,3507.36474609,3.36,2.7,245.54,354.89,0.0,0.04
1526667350.18349695,49471037,-2.03,-0.47,-0.52,2956.65454102,2.92,2.98,245.54,351.31,0.0,0.04
1526667350.28345704,49570997,-2.49,-0.79,-1.17,2618.8503418,2.48,2.98,245.54,347.62,0.0,0.05
1526667350.38341713,49670957,-3.04,-1.2,-1.85,2646.453125,1.85,2.76,245.54,343.8,0.0,0.05
1526667350.48337698,49770917,-3.47,-1.65,-2.5,3005.48461914,1.15,2.38,245.54,339.91,0.0,0.05
1526667350.58333707,49870877,-3.86,-2.04,-3.1,3640.45727539,0.44,1.88,245.54,335.99,0.0,0.05
1526667350.68329716,49970837,-4.19,-2.41,-3.61,4491.98876953,-0.21,1.28,245.54,332.04,0.0,0.06
1526667350.78325701,50070797,-4.46,-2.8,-4.03,5382.36572266,-0.82,0.63,245.54,328.14,0.0,0.06
1526667350.88321710,50170757,-4.68,-3.19,-4.36,6101.48632812,-1.4,0.0,245.54,324.26,0.0,0.11
1526667350.98400998,50271550,-4.86,-3.57,-4.61,6552.76660156,-1.93,-0.61,245.54,320.37,0.0,0.11
1526667351.08397007,50371510,-4.99,-3.89,-4.79,6752.13623047,-2.4,-1.21,245.54,316.52,0.0,0.06
1526667351.18393016,50471470,-5.1,-4.16,-4.92,6766.65917969,-2.86,-1.83,245.54,312.63,0.0,0.05
1526667351.28389001,50571430,-5.15,-4.4,-5.0,6641.36376953,-3.33,-2.42,245.54,308.64,0.0,0.05
1526667351.38385010,50671390,-5.18,-4.62,-5.04,6416.83056641,-3.76,-2.96,245.54,304.68,0.0,0.05
1526667351.48380995,50771350,-5.22,-4.84,-5.06,6134.21826172,-4.14,-3.44,245.54,300.79,0.0,0.05
1526667351.58377004,50871310,-5.2,-5.04,-5.06,5836.20751953,-4.55,-3.85,245.54,296.95,0.0,0.05
1526667351.68373013,50971270,-4.99,-5.11,-5.04,5559.04931641,-4.93,-4.22,245.54,293.06,0.0,0.04
1526667351.78368998,51071230,-4.54,-5.11,-4.93,5312.0625,-5.2,-4.53,245.54,289.12,0.0,0.04
1526667351.88365006,51171190,-4.02,-5.07,-4.71,5113.94726562,-5.41,-4.84,245.54,285.18,0.0,0.04
1526667351.98361015,51271150,-3.48,-4.87,-4.37,4980.1796875,-5.61,-4.99,245.54,281.27,0.0,0.03
1526667352.08357000,51371110,-2.91,-4.58,-3.94,4911.43212891,-5.83,-5.05,245.54,277.44,0.0,0.03
1526667352.18353009,51471070,-2.35,-4.06,-3.42,4884.66943359,-6.05,-5.1,245.54,273.63,0.0,0.03
1526667352.28348994,51571030,-1.81,-3.45,-2.86,3643.35229492,-6.27,-5.26,245.54,269.85,0.0,0.03
1526667352.38345003,51670990,-1.27,-2.82,-2.28,3377.18896484,-6.46,-5.45,245.54,266.01,0.0,0.03
1526667352.48341012,51770950,-0.76,-2.2,-1.7,3131.22485352,-6.65,-5.66,245.54,262.14,0.0,0.03
1526667352.58336997,51870910,-0.35,-1.57,-1.15,2881.97119141,-7.08,-5.92,245.54,258.35,0.0,0.03
1526667352.68333006,51970870,0.04,-0.93,-0.65,2548.67163086,-7.68,-6.26,245.54,254.56,0.0,0.03
1526667352.78329015,52070830,0.47,-0.3,-0.2,2188.08251953,-8.34,-6.7,245.54,250.8,0.0,0.04
1526667352.88325000,52170790,0.89,0.39,0.2,1886.65808105,-8.98,-7.21,245.54,247.29,0.0,0.02
1526667352.98321009,52270750,1.25,1.06,0.58,1800.53869629,-9.56,-7.74,245.54,244.31,0.0,0.03
1526667353.08400297,52371543,1.5,1.64,0.92,2006.4675293,-10.1,-8.3,245.54,242.01,0.0,0.04
1526667353.18396306,52471503,1.57,2.08,1.2,2448.7434082,-10.6,-8.82,245.54,240.58,0.0,0.02
1526667353.28392315,52571463,1.49,2.39,1.38,3039.00415039,-11.09,-9.36,245.54,239.86,0.0,0.01
1526667353.38388300,52671423,1.28,2.57,1.44,3739.08227539,-11.56,-9.96,245.54,239.77,0.0,0.0
1526667353.48384309,52771383,0.94,2.57,1.37,4491.54443359,-11.95,-10.61,245.54,240.25,0.0,0.0
1526667353.58380294,52871343,0.48,2.31,1.17,5147.57226562,-12.31,-11.27,245.54,241.16,0.0,0.01
1526667353.68376303,52971303,0.0,1.85,0.83,5574.11035156,-12.62,-11.84,245.54,242.21,0.0,0.01
1526667353.78372312,53071263,-0.48,1.26,0.4,5788.02197266,-12.88,-12.35,245.54,243.29,0.0,0.01
1526667353.88368297,53171223,-0.93,0.57,-0.09,5781.33984375,-13.13,-12.73,245.54,244.33,0.0,0.02
1526667353.98364305,53271183,-1.3,-0.04,-0.61,5664.04638672,-13.37,-13.0,245.54,245.24,0.0,0.02
1526667354.08360314,53371143,-1.56,-0.61,-1.09,5515.08691406,-13.42,-13.26,245.54,246.02,0.0,0.02
1526667354.18356299,53471103,-1.72,-1.11,-1.51,5338.26806641,-13.34,-13.47,245.54,246.54,0.0,0.01
1526667354.28352308,53571063,-1.75,-1.53,-1.82,5142.2109375,-13.24,-13.56,245.54,246.81,0.0,0.01
1526667354.38348293,53671023,-1.71,-1.84,-2.01,4935.61132812,-13.13,-13.59,245.54,246.89,0.0,0.01
1526667354.48344302,53770983,-1.56,-2.03,-2.07,4726.11181641,-13.01,-13.54,245.54,246.76,0.0,0.01
1526667354.58340311,53870943,-1.35,-2.08,-2.01,4529.68505859,-12.95,-13.38,245.54,246.52,0.0,0.01
1526667354.68336296,53970903,-1.04,-2.02,-1.84,4355.03955078,-12.92,-13.18,245.54,246.22,0.0,0.01
1526667354.78332305,54070863,-0.77,-1.87,-1.57,4210.71923828,-12.93,-12.98,245.54,245.99,0.0,0.01
1526667354.88328314,54170823,-0.51,-1.64,-1.25,1136.17919922,-13.01,-12.85,245.54,245.79,0.0,0.01
1526667354.98324299,54270783,-0.31,-1.38,-0.91,1503.64453125,-13.12,-12.79,245.54,245.68,0.0,0.08
1526667355.08320308,54370743,-0.17,-1.07,-0.59,1762.77001953,-13.25,-12.78,245.54,245.63,0.0,0.08
1526667355.18399596,54471536,-0.07,-0.69,-0.31,1776.46264648,-13.4,-12.84,245.54,245.57,0.0,0.08
1526667355.28395605,54571496,0.0,-0.39,-0.1,1634.62255859,-13.55,-12.99,245.54,245.55,0.0,0.0
1526667355.38391614,54671456,-0.02,-0.17,0.03,1460.61022949,-13.74,-13.15,245.54,245.58,0.0,0.0
1526667355.48387599,54771416,-0.05,0.0,0.1,1286.60852051,-13.93,-13.37,245.54,245.64,0.0,0.0
1526667355.58383608,54871376,-0.12,0.08,0.09,1131.63208008,-14.1,-13.59,245.54,245.71,0.0,0.0
1526667355.68379593,54971336,-0.19,0.18,0.04,1012.48309326,-14.28,-13.83,245.54,245.69,0.0,0.0
1526667355.78375602,55071296,-0.29,0.18,-0.05,948.651977539,-14.43,-14.11,245.54,245.67,0.0,0.0
1526667355.88371611,55171256,-0.4,0.07,-0.17,915.81451416,-14.56,-14.43,245.54,245.63,0.0,0.0
1526667355.98367596,55271216,-0.5,-0.15,-0.31,878.37878418,-14.66,-14.65,245.54,245.57,0.0,0.0
1526667356.08363605,55371176,-0.55,-0.33,-0.44,822.057189941,-14.73,-14.74,245.54,245.55,0.0,0.0
1526667356.18359613,55471136,-0.56,-0.38,-0.55,780.856628418,-14.8,-14.91,245.54,245.5,0.0,0.0
1526667356.28355598,55571096,-0.55,-0.47,-0.63,750.929992676,-14.88,-15.04,245.54,245.41,0.0,0.0
1526667356.38351607,55671056,-0.52,-0.52,-0.68,720.731933594,-14.94,-15.08,245.54,245.33,0.0,0.0
1526667356.48347592,55771016,-0.47,-0.58,-0.68,689.652160645,-15.02,-15.01,245.54,245.31,0.0,0.0
1526667356.58343601,55870976,-0.43,-0.61,-0.65,654.113647461,-15.1,-14.95,245.54,245.33,0.0,0.0
1526667356.68339610,55970936,-0.31,-0.58,-0.6,620.470581055,-15.22,-14.93,245.54,245.21,0.0,0.0
1526667356.78335595,56070896,-0.21,-0.48,-0.51,589.683654785,-15.34,-14.92,245.54,245.14,0.0,0.0
1526667356.88331604,56170856,-0.17,-0.34,-0.41,562.955078125,-15.2,-14.97,245.54,245.1,0.0,0.0
1526667356.98327613,56270816,-0.2,-0.29,-0.31,539.212341309,-13.88,-14.95,245.54,245.07,0.0,0.0
1526667357.08323598,56370776,-0.2,-0.35,-0.25,517.027770996,-13.45,-14.71,245.54,245.01,0.0,0.08
1526667357.18319607,56470736,-0.22,-0.74,-0.2,533.342224121,-11.55,-14.49,165.5,244.8,0.0,0.09
1526667357.28398895,56571529,-0.08,-1.51,-0.17,886.39831543,-9.53,-13.79,165.5,243.84,0.0,0.09
1526667357.38394904,56671489,0.26,-2.07,-0.12,1962.6583252,-8.53,-12.52,165.5,242.19,0.0,0.02
1526667357.48390913,56771449,0.8,-2.11,0.02,43391.2070312,-7.98,-11.03,165.5,240.0,0.0,0.01
1526667357.58386898,56871409,1.5,-1.66,0.29,43058.546875,-7.63,-9.66,165.5,237.34,0.0,0.0
1526667357.68382907,56971369,2.25,-0.87,0.72,39263.015625,-7.37,-8.55,165.5,234.34,0.0,0.01
1526667357.78378916,57071329,2.77,0.08,1.29,34359.2929688,-7.27,-7.69,165.5,231.11,0.0,0.02
1526667357.88374901,57171289,2.94,1.05,1.88,29599.3105469,-7.39,-7.14,165.5,227.7,0.0,0.03
1526667357.98370910,57271249,2.99,1.92,2.4,25392.09375,-7.6,-6.95,165.5,224.22,0.0,0.04
1526667358.08366895,57371209,2.93,2.61,2.79,21926.6484375,-7.88,-7.05,165.5,220.62,0.0,0.04
1526667358.18362904,57471169,2.76,3.08,3.02,19194.8789062,-8.25,-7.35,165.5,216.96,0.0,0.04
1526667358.28358912,57571129,2.54,3.31,3.07,17087.8691406,-8.67,-7.77,165.5,213.21,0.0,0.04
1526667358.38354897,57671089,2.3,3.4,2.98,15485.5048828,-9.09,-8.28,165.5,209.35,0.0,0.04
1526667358.48350906,57771049,2.17,3.34,2.77,14301.5087891,-9.41,-8.87,165.5,205.49,0.0,0.04
1526667358.58346915,57871009,2.2,3.17,2.53,13417.9580078,-9.59,-9.39,165.5,201.65,0.0,0.03
1526667358.68342900,57970969,2.28,2.96,2.31,12702.0947266,-9.65,-9.79,165.5,197.79,0.0,0.03
1526667358.78338909,58070929,2.96,2.8,2.23,12065.7246094,-9.03,-10.01,165.5,193.85,0.0,0.03
1526667358.88334894,58170889,3.47,2.72,2.35,11410.2929688,-8.48,-9.88,165.5,189.97,0.0,0.02
1526667358.98330903,58270849,3.82,2.74,2.64,10732.4599609,-8.07,-9.52,165.5,186.05,0.0,0.02
1526667359.08326912,58370809,4.11,2.92,3.01,10103.2207031,-7.75,-9.05,165.5,182.09,0.0,0.03
1526667359.18322897,58470769,4.39,3.18,3.44,9562.59960938,-7.43,-8.53,165.5,178.06,0.0,0.04
1526667359.28402209,58571562,4.65,3.48,3.87,9118.69824219,-7.11,-8.02,165.5,174.01,0.0,0.04
1526667359.38398194,58671522,4.85,3.86,4.27,8748.75390625,-6.87,-7.49,165.5,170.1,0.0,0.04
1526667359.48394203,58771482,4.96,4.3,4.62,8397.39648438,-6.65,-6.96,165.5,166.52,0.0,0.03
1526667359.58390212,58871442,5.01,4.71,4.88,8044.51318359,-6.52,-6.5,165.5,163.52,0.0,0.03
1526667359.68386197,58971402,4.9,5.02,5.03,7698.92871094,-6.56,-6.2,165.5,161.43,0.0,0.02
1526667359.78382206,59071362,4.71,5.2,5.06,7380.40380859,-6.41,-6.0,165.5,160.24,0.0,0.0
1526667359.88378215,59171322,4.41,5.17,4.98,7095.63964844,-6.19,-5.93,165.5,159.86,0.0,0.01
1526667359.98374200,59271282,3.92,5.06,4.76,6845.06494141,-6.28,-5.96,165.5,160.14,0.0,0.02
1526667360.08370209,59371242,3.3,4.79,4.4,1167.21264648,-6.47,-6.04,165.5,160.95,0.0,0.03
1526667360.18366194,59471202,2.62,4.4,3.9,1511.06958008,-6.63,-6.18,165.5,162.04,0.0,0.04
1526667360.28362203,59571162,1.89,3.89,3.29,1997.66772461,-6.8,-6.4,165.5,163.23,0.0,0.04
1526667360.38358212,59671122,1.15,3.21,2.59,2421.5456543,-6.95,-6.66,165.5,164.42,0.0,0.05
1526667360.48354197,59771082,0.46,2.43,1.84,2639.18286133,-7.01,-6.85,165.5,165.47,0.0,0.05
1526667360.58350205,59871042,-0.12,1.64,1.09,2719.41162109,-7.0,-7.01,165.5,166.23,0.0,0.04
1526667360.68346214,59971002,-0.61,0.86,0.38,2698.4206543,-6.98,-7.1,165.5,166.68,0.0,0.04
1526667360.78342199,60070962,-0.97,0.18,-0.23,2600.59033203,-6.94,-7.17,165.5,166.84,0.0,0.03
1526667360.88338208,60170922,-1.11,-0.34,-0.73,2498.18969727,-6.89,-7.16,165.5,166.83,0.0,0.03
1526667360.98334193,60270882,-1.16,-0.75,-1.07,2376.85449219,-6.81,-7.12,165.5,166.74,0.0,0.02
1526667361.08330202,60370842,-1.47,-1.25,-1.28,2213.3347168,-5.04,-7.07,135.06,166.42,0.0,0.02
1526667361.18326211,60470802,-2.11,-2.09,-1.49,2123.47802734,-3.38,-6.47,135.06,165.25,0.0,0.02
1526667361.28322196,60570762,-2.69,-2.84,-1.75,2560.64624023,-2.91,-5.5,135.06,163.26,0.0,0.06
1526667361.38401508,60671555,-3.1,-3.37,-2.07,3416.98754883,-3.02,-4.57,135.06,160.68,0.0,0.04
1526667361.48397493,60771515,-3.25,-3.69,-2.41,4318.55175781,-3.48,-3.86,135.06,157.72,0.0,0.02
1526667361.58393502,60871475,-3.18,-3.73,-2.69,4903.74707031,-4.2,-3.43,135.06,154.54,0.0,0.02
1526667361.68389511,60971435,-2.86,-3.51,-2.86,5036.84082031,-5.11,-3.37,135.06,151.18,0.0,0.03
1526667361.78385496,61071395,-2.26,-3.09,-2.85,4869.20361328,-5.83,-3.61,135.06,147.67,0.0,0.03
1526667361.88381505,61171355,-1.5,-2.49,-2.61,4619.24414062,-6.4,-4.06,135.06,144.04,0.0,0.03
1526667361.98377514,61271315,-0.71,-1.8,-2.15,4422.36669922,-6.88,-4.62,135.06,140.36,0.0,0.03
1526667362.08373499,61371275,0.05,-1.04,-1.5,4297.18554688,-7.25,-5.17,135.06,136.83,0.0,0.03
1526667362.18369508,61471235,0.7,-0.26,-0.74,4208.16210938,-7.53,-5.68,135.06,133.7,0.0,0.03
1526667362.28365493,61571195,1.18,0.52,0.03,4131.55615234,-7.75,-6.13,135.06,131.21,0.0,0.02
1526667362.38361502,61671155,1.5,1.16,0.76,4042.29321289,-8.02,-6.54,135.06,129.52,0.0,0.01
1526667362.48357511,61771115,1.69,1.69,1.37,3930.5246582,-8.5,-6.92,135.06,128.62,0.0,0.0
1526667362.58353496,61871075,1.67,2.05,1.81,3808.65307617,-9.06,-7.36,135.06,128.5,0.0,0.01
1526667362.68349504,61971035,1.51,2.28,2.05,525.128173828,-9.58,-7.88,135.06,128.95,0.0,0.02
1526667362.78345513,62070995,1.16,2.32,2.07,546.970397949,-10.1,-8.51,135.06,129.88,0.0,0.03
1526667362.88341498,62170955,0.77,2.14,1.89,552.487548828,-10.57,-9.18,135.06,131.13,0.0,0.04
1526667362.98337507,62270915,0.31,1.79,1.55,560.171142578,-10.96,-9.83,135.06,132.45,0.0,0.04
1526667363.08333492,62370875,-0.16,1.31,1.07,567.55682373,-11.29,-10.41,135.06,133.77,0.0,0.04
1526667363.18329501,62470835,-0.62,0.71,0.52,542.288208008,-11.56,-10.92,135.06,135.05,0.0,0.04
1526667363.28325510,62570795,-1.02,0.07,-0.05,502.411621094,-11.81,-11.4,135.06,136.06,0.0,0.04
1526667363.38321495,62670755,-1.33,-0.52,-0.6,455.316253662,-12.02,-11.73,135.06,136.78,0.0,0.05
1526667363.48400807,62771548,-1.48,-1.0,-1.08,412.549560547,-12.17,-11.95,135.06,137.24,0.0,0.05
1526667363.58396792,62871508,-1.5,-1.35,-1.44,382.238525391,-12.31,-12.18,135.06,137.36,0.0,0.02
1526667363.68392801,62971468,-1.39,-1.6,-1.66,354.067077637,-12.45,-12.39,135.06,137.24,0.0,0.01
1526667363.78388810,63071428,-1.2,-1.81,-1.72,326.510101318,-12.62,-12.49,135.06,136.88,0.0,0.01
1526667363.88384795,63171388,-0.97,-1.83,-1.64,317.286254883,-12.73,-12.45,135.06,136.45,0.0,0.0
1526667363.98380804,63271348,-0.7,-1.66,-1.44,322.515106201,-12.69,-12.47,135.06,135.93,0.0,0.0
1526667364.08376813,63371308,-0.44,-1.42,-1.16,339.449188232,-12.58,-12.51,135.06,135.41,0.0,0.0
1526667364.18372798,63471268,-0.19,-1.15,-0.82,370.240081787,-12.48,-12.51,135.06,134.88,0.0,0.0
1526667364.28368807,63571228,0.03,-0.84,-0.48,418.643737793,-12.38,-12.44,135.06,134.45,0.0,0.0
1526667364.38364816,63671188,0.19,-0.53,-0.15,468.008331299,-12.32,-12.37,135.06,134.04,0.0,0.0
1526667364.48360801,63771148,0.28,-0.28,0.12,522.985046387,-12.32,-12.3,135.06,133.69,0.0,0.0
1526667364.58356810,63871108,0.3,-0.04,0.32,572.425048828,-12.35,-12.27,135.06,133.46,0.0,0.0
1526667364.68352795,63971068,0.27,0.16,0.45,599.477966309,-12.4,-12.25,135.06,133.37,0.0,0.0
1526667364.78348804,64071028,0.18,0.33,0.49,597.159301758,-12.47,-12.21,135.06,133.44,0.0,0.0
1526667364.88344812,64170988,0.04,0.41,0.45,576.073669434,-12.56,-12.23,135.06,133.56,0.0,0.0
1526667364.98340797,64270948,-0.13,0.43,0.34,552.836547852,-12.7,-12.36,135.06,133.76,0.0,0.01
1526667365.08336806,64370908,-0.45,0.21,0.17,536.013427734,-11.75,-12.64,339.81,133.95,0.0,0.01
1526667365.18332815,64470868,-1.17,-0.72,-0.11,552.744873047,-7.12,-12.62,339.81,133.42,0.0,0.01
1526667365.28328800,64570828,-1.42,-2.06,-0.5,12682.9492188,-4.87,-11.45,339.81,132.02,0.0,0.0
1526667365.38324809,64670788,-1.34,-3.1,-0.89,25111.4375,-3.74,-9.5,339.81,129.98,0.0,0.02
1526667365.48320794,64770748,-1.03,-3.48,-1.17,34564.375,-3.15,-7.38,339.81,127.49,0.0,0.04
1526667365.58400106,64871541,-0.56,-3.26,-1.26,37781.2851562,-2.88,-5.47,339.81,124.63,0.0,0.05
1526667365.68396115,64971501,0.02,-2.61,-1.14,36262.71875,-2.85,-4.0,339.81,121.53,0.0,0.07
1526667365.78392100,65071461,0.61,-1.72,-0.82,32515.2773438,-2.99,-3.02,339.81,118.25,0.0,0.07
1526667365.88388109,65171421,1.16,-0.76,-0.34,28486.9726562,-3.23,-2.52,339.81,114.83,0.0,0.06
1526667365.98384094,65271381,1.66,0.19,0.24,25002.2226562,-3.49,-2.33,339.81,111.31,0.0,0.06
1526667366.08380103,65371341,2.09,1.09,0.88,22240.0449219,-3.75,-2.41,339.81,107.73,0.0,0.05
1526667366.18376112,65471301,2.44,1.83,1.49,20099.0390625,-3.98,-2.64,339.81,104.03,0.0,0.04
1526667366.28372097,65571261,2.71,2.43,2.05,18385.2265625,-4.13,-2.97,339.81,100.24,0.0,0.04
1526667366.38368106,65671221,2.94,2.85,2.51,16957.9277344,-4.18,-3.33,339.81,96.4,0.0,0.04
1526667366.48364115,65771181,3.12,3.14,2.88,15719.2412109,-4.14,-3.69,339.81,92.52,0.0,0.03
1526667366.58360100,65871141,3.25,3.36,3.14,14634.7792969,-4.01,-3.86,339.81,88.56,0.0,0.04
1526667366.68356109,65971101,3.35,3.54,3.31,13690.4003906,-3.76,-4.01,339.81,84.55,0.0,0.04
1526667366.78352094,66071061,3.39,3.61,3.41,12863.8847656,-3.43,-4.08,339.81,80.54,0.0,0.04
1526667366.88348103,66171021,3.38,3.55,3.44,12122.1328125,-3.03,-4.04,339.81,76.56,0.0,0.04
1526667366.98344111,66270981,3.28,3.44,3.42,11450.7490234,-2.65,-3.83,339.81,72.57,0.0,0.05
1526667367.08340096,66370941,3.15,3.26,3.34,10849.1259766,-2.15,-3.51,339.81,68.58,0.0,0.05
1526667367.18336105,66470901,2.96,3.13,3.21,10311.5683594,-1.63,-3.09,339.81,64.59,0.0,0.06
1526667367.28332114,66570861,2.73,2.98,3.04,9823.30078125,-1.11,-2.67,339.81,60.59,0.0,0.06
1526667367.38328099,66670821,2.42,2.74,2.83,9379.68945312,-0.62,-2.21,339.81,56.63,0.0,0.06
1526667367.48324108,66770781,2.01,2.45,2.56,8976.36328125,-0.15,-1.68,339.81,52.64,0.0,0.12
1526667367.58320093,66870741,1.52,2.12,2.23,8608.62109375,0.26,-1.2,339.81,48.66,0.0,0.13
1526667367.68399405,66971534,0.96,1.77,1.83,8267.78710938,0.6,-0.76,339.81,44.65,0.0,0.13
1526667367.78395414,67071494,0.25,1.35,1.35,7950.33154297,0.84,-0.4,339.81,40.68,0.0,0.07
1526667367.88391399,67171454,-0.63,0.83,0.76,16.2892112732,0.94,-0.14,339.81,36.68,0.0,0.06
1526667367.98387408,67271414,-1.42,0.2,0.07,50.6212425232,0.92,0.06,339.81,32.73,0.0,0.06
1526667368.08383393,67371374,-1.72,-0.39,-0.62,152.548919678,0.77,0.18,339.81,28.83,0.0,0.06
1526667368.18379402,67471334,-1.94,-0.93,-1.23,308.850158691,0.42,0.25,339.81,24.9,0.0,0.06
1526667368.28375411,67571294,-2.02,-1.38,-1.72,468.541992188,-0.04,0.21,339.81,20.91,0.0,0.06
1526667368.38371396,67671254,-2.0,-1.67,-2.04,598.412109375,-0.59,0.11,339.81,16.89,0.0,0.05
1526667368.48367405,67771214,-1.94,-1.81,-2.19,730.539489746,-1.17,-0.06,339.81,12.82,0.0,0.05
1526667368.58363414,67871174,-1.79,-1.84,-2.21,819.519042969,-1.76,-0.31,339.81,8.83,0.0,0.05
1526667368.68359399,67971134,-1.55,-1.75,-2.09,873.498413086,-2.35,-0.68,339.81,4.75,0.0,0.04
1526667368.78355408,68071094,-1.29,-1.52,-1.86,901.099609375,-2.91,-1.08,339.81,0.67,0.0,0.04
1526667368.88351393,68171054,-0.99,-1.21,-1.56,935.892883301,-3.43,-1.54,339.81,356.61,0.0,0.04
1526667368.98347402,68271014,-0.69,-0.85,-1.22,964.30267334,-3.94,-2.07,339.81,352.62,0.0,0.03
1526667369.08343410,68370974,-0.38,-0.49,-0.85,996.34173584,-4.44,-2.67,339.81,348.59,0.0,0.04
1526667369.18339396,68470934,-0.08,-0.13,-0.49,1025.46704102,-4.9,-3.3,339.81,344.65,0.0,0.04
1526667369.28335404,68570894,0.16,0.16,-0.15,1035.40136719,-5.3,-3.82,339.81,341.06,0.0,0.03
1526667369.38331413,68670854,0.34,0.48,0.15,1032.1361084,-5.67,-4.29,339.81,338.02,0.0,0.03
1526667369.48327398,68770814,0.48,0.73,0.39,1036.23535156,-6.02,-4.72,339.81,335.71,0.0,0.02
1526667369.58323407,68870774,0.52,0.95,0.58,1046.2121582,-6.38,-5.09,339.81,334.27,0.0,0.07
1526667369.68319392,68970734,0.49,1.13,0.68,1079.35302734,-6.68,-5.51,339.81,333.69,0.0,0.06
1526667369.78398705,69071527,0.35,1.18,0.71,1131.30541992,-6.72,-5.92,339.81,333.84,0.0,0.06
1526667369.88394713,69171487,0.15,1.06,0.64,1172.0168457,-6.66,-6.24,339.81,334.59,0.0,0.01
1526667369.98390698,69271447,-0.08,0.81,0.49,1178.90270996,-6.58,-6.53,339.81,335.77,0.0,0.0
1526667370.08386707,69371407,-0.38,0.48,0.27,1156.59326172,-6.49,-6.74,339.81,337.12,0.0,0.0
1526667370.18382692,69471367,-0.62,0.05,0.0,1116.07653809,-6.42,-6.85,339.81,338.42,0.0,0.0
1526667370.28378701,69571327,-0.76,-0.4,-0.28,1073.06494141,-6.36,-6.85,339.81,339.56,0.0,0.0
1526667370.38374710,69671287,-0.85,-0.77,-0.55,1043.65869141,-6.36,-6.81,339.81,340.44,0.0,0.0
1526667370.48370695,69771247,-0.88,-1.06,-0.76,718.340881348,-6.38,-6.72,339.81,341.02,0.0,0.0
1526667370.58366704,69871207,-0.85,-1.23,-0.91,857.664855957,-6.45,-6.6,339.81,341.25,0.0,0.0
1526667370.68362713,69971167,-0.75,-1.29,-0.98,904.34777832,-6.59,-6.47,339.81,341.25,0.0,0.0
1526667370.78358698,70071127,-0.63,-1.23,-0.96,879.094909668,-6.76,-6.39,339.81,341.06,0.0,0.0
1526667370.88354707,70171087,-0.47,-1.08,-0.88,809.012451172,-6.96,-6.38,339.81,340.78,0.0,0.0
1526667370.98350716,70271047,-0.32,-0.9,-0.74,724.541687012,-7.35,-6.49,339.81,340.51,0.0,0.0
1526667371.08346701,70371007,-0.17,-0.62,-0.56,641.917358398,-7.94,-6.67,339.81,340.25,0.0,0.0
1526667371.18342710,70470967,-0.06,-0.3,-0.36,563.417358398,-8.61,-7.01,339.81,339.92,0.0,0.0
1526667371.28338695,70570927,0.03,0.01,-0.18,521.939880371,-9.32,-7.52,339.81,339.59,0.0,0.0
1526667371.38334703,70670887,0.05,0.28,-0.03,535.712646484,-9.99,-8.18,339.81,339.37,0.0,0.0
1526667371.48330712,70770847,0.0,0.46,0.07,600.887268066,-10.6,-8.9,339.81,339.29,0.0,0.0
1526667371.58326697,70870807,-0.07,0.49,0.12,666.650268555,-11.16,-9.64,339.81,339.27,0.0,0.0
1526667371.68322706,70970767,-0.18,0.42,0.11,701.975769043,-11.67,-10.31,339.81,339.27,0.0,0.06
1526667371.78401995,71071560,-0.29,0.35,0.04,720.137268066,-12.14,-10.89,339.81,339.2,0.0,0.06
1526667371.88398004,71171520,-0.35,0.2,-0.06,727.843078613,-12.59,-11.4,339.81,339.17,0.0,0.0
1526667371.98394012,71271480,-0.37,0.07,-0.17,719.715942383,-12.99,-11.83,339.81,339.0,0.0,0.0
1526667372.08389997,71371440,-0.4,0.03,-0.27,724.308837891,-13.35,-12.28,339.81,338.81,0.0,0.0
1526667372.18386006,71471400,-0.45,-0.05,-0.36,740.604614258,-13.69,-12.71,339.81,338.79,0.0,0.0
1526667372.28382015,71571360,-0.5,-0.11,-0.44,756.020996094,-14.02,-13.12,339.81,338.8,0.0,0.0
1526667372.38378000,71671320,-0.53,-0.16,-0.5,778.27734375,-14.34,-13.54,339.81,338.81,0.0,0.0
1526667372.48374009,71771280,-0.54,-0.24,-0.55,792.528503418,-14.55,-13.91,339.81,338.91,0.0,0.0
1526667372.58369994,71871240,-0.59,-0.33,-0.57,792.418884277,-14.61,-14.2,339.81,339.03,0.0,0.0
1526667372.68366003,71971200,-0.67,-0.4,-0.6,779.846313477,-14.63,-14.39,339.81,339.27,0.0,0.0
1526667372.78362012,72071160,-0.76,-0.49,-0.64,761.633483887,-14.63,-14.56,339.81,339.55,0.0,0.0
1526667372.88357997,72171120,-0.84,-0.68,-0.69,734.842285156,-14.62,-14.72,339.81,339.89,0.0,0.0
1526667372.98354006,72271080,-0.9,-0.87,-0.75,708.376647949,-14.61,-14.85,339.81,340.19,0.0,0.0
1526667373.08350015,72371040,-0.89,-0.98,-0.8,211.363845825,-14.61,-14.89,339.81,340.32,0.0,0.0
1526667373.18346000,72471000,-0.87,-1.09,-0.85,325.705810547,-14.63,-14.95,339.81,340.36,0.0,0.0
1526667373.28342009,72570960,-0.78,-1.2,-0.87,489.901672363,-14.66,-14.95,339.81,340.26,0.0,0.0
1526667373.38337994,72670920,-0.67,-1.25,-0.85,707.15838623,-14.69,-14.88,339.81,340.09,0.0,0.0
1526667373.48334002,72770880,-0.54,-1.19,-0.79,892.298034668,-14.57,-14.73,339.81,339.92,0.0,0.0
1526667373.58330011,72870840,-0.41,-1.08,-0.7,986.878601074,-14.4,-14.6,339.81,339.74,0.0,0.0
1526667373.68325996,72970800,-0.31,-0.95,-0.58,1041.84106445,-14.21,-14.49,339.81,339.63,0.0,0.0
1526667373.78322005,73070760,-0.26,-0.8,-0.46,1065.36779785,-14.03,-14.4,339.81,339.6,0.0,0.04
1526667373.88401294,73171553,-0.22,-0.61,-0.35,1048.35412598,-13.83,-14.35,339.81,339.57,0.0,0.05
1526667373.98397303,73271513,-0.19,-0.46,-0.26,992.743103027,-13.63,-14.29,339.81,339.56,0.0,0.01
1526667374.08393312,73371473,-0.14,-0.36,-0.18,932.726074219,-13.38,-14.16,339.81,339.45,0.0,0.0
1526667374.18389297,73471433,-0.09,-0.27,-0.13,875.203918457,-13.16,-13.99,339.81,339.25,0.0,0.0
1526667374.28385305,73571393,-0.05,-0.19,-0.08,819.93371582,-12.92,-13.8,339.81,339.07,0.0,0.0
1526667374.38381314,73671353,-0.01,-0.18,-0.05,770.777160645,-12.67,-13.55,339.81,338.92,0.0,0.0
1526667374.48377299,73771313,-0.02,-0.17,-0.03,731.757629395,-12.42,-13.24,339.81,338.88,0.0,0.0
1526667374.58373308,73871273,-0.05,-0.18,-0.02,699.597473145,-12.16,-12.91,339.81,338.95,0.0,0.0
1526667374.68369293,73971233,-0.05,-0.18,-0.03,673.095275879,-11.9,-12.64,339.81,339.05,0.0,0.0
1526667374.78365302,74071193,-0.07,-0.18,-0.04,646.537658691,-11.61,-12.38,339.81,339.18,0.0,0.0
1526667374.88361311,74171153,-0.12,-0.21,-0.06,622.182922363,-11.32,-12.08,339.81,339.33,0.0,0.0
1526667374.98357296,74271113,-0.17,-0.25,-0.1,600.493469238,-11.01,-11.78,339.81,339.48,0.0,0.0
1526667375.08353305,74371073,-0.2,-0.3,-0.14,582.931640625,-10.68,-11.48,339.81,339.64,0.0,0.0
1526667375.18349314,74471033,-0.21,-0.31,-0.18,565.067260742,-10.33,-11.2,339.81,339.82,0.0,0.01
1526667375.28345299,74570993,-0.21,-0.33,-0.21,545.939025879,-10.03,-10.94,339.81,339.95,0.0,0.01
1526667375.38341308,74670953,-0.23,-0.44,-0.24,533.646118164,-9.61,-10.58,339.81,340.08,0.0,0.0
1526667375.48337293,74770913,-0.23,-0.5,-0.26,532.656494141,-9.17,-10.17,339.81,340.15,0.0,0.0
1526667375.58333302,74870873,-0.22,-0.49,-0.26,532.435180664,-8.7,-9.75,339.81,340.17,0.0,0.01
1526667375.68329310,74970833,-0.16,-0.46,-0.26,442.068756104,-8.36,-9.36,339.81,340.17,0.0,0.01
1526667375.78325295,75070793,-0.09,-0.44,-0.23,415.944763184,-7.58,-8.87,339.81,340.08,0.0,0.01
1526667375.88321304,75170753,0.0,-0.39,-0.18,416.520050049,-7.13,-8.38,339.81,339.98,0.0,0.05
1526667375.98400593,75271546,0.05,-0.29,-0.12,404.281066895,-6.81,-7.92,339.81,339.82,0.0,0.05
1526667376.08396602,75371506,0.08,-0.18,-0.05,365.688568115,-6.53,-7.48,339.81,339.73,0.0,0.01
1526667376.18392611,75471466,0.11,-0.06,0.01,320.393371582,-6.27,-7.1,339.81,339.7,0.0,0.01
1526667376.28388596,75571426,0.13,0.06,0.06,277.352294922,-6.03,-6.74,339.81,339.7,0.0,0.01
1526667376.38384604,75671386,0.14,0.16,0.1,243.60798645,-5.79,-6.44,339.81,339.65,0.0,0.01
1526667376.48380613,75771346,0.15,0.22,0.13,222.089279175,-5.56,-6.19,339.81,339.59,0.0,0.01
1526667376.58376598,75871306,0.15,0.27,0.15,210.290969849,-5.3,-6.01,339.81,339.52,0.0,0.01
1526667376.68372607,75971266,0.14,0.3,0.15,206.271636963,-5.01,-5.81,339.81,339.42,0.0,0.01
1526667376.78368592,76071226,0.11,0.25,0.15,200.743392944,-4.67,-5.54,339.81,339.33,0.0,0.0
1526667376.88364601,76171186,0.1,0.2,0.13,190.521316528,-4.32,-5.21,339.81,339.34,0.0,0.01
1526667376.98360610,76271146,0.1,0.13,0.11,178.235671997,-3.94,-4.84,339.81,339.47,0.0,0.01
1526667377.08356595,76371106,0.09,0.06,0.09,166.541427612,-3.5,-4.42,339.81,339.62,0.0,0.01
1526667377.18352604,76471066,0.07,-0.04,0.07,160.61529541,-3.04,-3.98,339.81,339.8,0.0,0.01
1526667377.28348613,76571026,0.1,-0.09,0.06,161.618240356,-2.55,-3.55,339.81,339.95,0.0,0.01
1526667377.38344598,76670986,0.07,-0.1,0.05,164.717788696,-0.75,-3.01,339.82,340.06,0.0,0.01
1526667377.48340607,76770946,0.32,-0.38,0.06,195.034881592,5.2,-1.79,339.82,340.14,0.0,0.01
1526667377.58336616,76870906,0.49,-0.8,0.14,451.292572021,8.07,0.65,339.82,340.07,0.0,0.01
1526667377.68332601,76970866,0.63,-0.86,0.26,979.876708984,8.81,3.45,339.82,339.9,0.0,0.02
1526667377.78328609,77070826,0.79,-0.49,0.4,1422.46899414,8.53,5.76,339.82,339.76,0.0,0.03
1526667377.88324594,77170786,0.94,0.13,0.57,1569.38256836,7.61,7.22,339.82,339.57,0.0,0.03
1526667377.98320603,77270746,1.04,0.87,0.74,1524.66918945,6.33,7.75,339.82,339.46,0.0,0.04
1526667378.08399916,77371539,1.04,1.49,0.89,1531.64501953,4.87,7.44,339.82,339.41,0.0,0.04
1526667378.18395901,77471499,0.94,1.88,0.99,1699.30175781,3.39,6.62,339.82,339.45,0.0,0.02
1526667378.28391910,77571459,0.71,2.0,1.01,8988.93066406,1.99,5.49,339.82,339.54,0.0,0.01
1526667378.38387895,77671419,0.44,1.93,0.94,9406.171875,0.75,4.21,339.82,339.67,0.0,0.0
1526667378.48383904,77771379,0.14,1.7,0.77,9331.35058594,-0.27,2.91,339.82,339.83,0.0,0.0
1526667378.58379912,77871339,-0.11,1.39,0.53,8944.71289062,-1.04,1.73,339.82,339.92,0.0,0.0
1526667378.68375897,77971299,-0.37,1.04,0.25,8495.63671875,-1.55,0.69,339.82,339.91,0.0,0.0
1526667378.78371906,78071259,-0.56,0.67,-0.04,8014.61474609,-1.87,-0.15,339.82,339.92,0.0,0.0
1526667378.88367915,78171219,-0.66,0.33,-0.33,7557.24365234,-2.02,-0.83,339.82,339.97,0.0,0.0
1526667378.98363900,78271179,-0.72,0.01,-0.56,7102.8046875,-2.01,-1.35,339.82,339.98,0.0,0.0
1526667379.08359909,78371139,-0.72,-0.28,-0.73,6620.77783203,-1.85,-1.71,339.82,339.99,0.0,0.0
1526667379.18355894,78471099,-0.67,-0.55,-0.82,6091.53369141,-1.61,-1.83,339.82,340.0,0.0,0.0
1526667379.28351903,78571059,-0.6,-0.79,-0.84,5564.52880859,-1.34,-1.76,339.82,339.95,0.0,0.0
1526667379.38347912,78671019,-0.45,-0.91,-0.79,5104.03955078,-1.05,-1.59,339.82,339.85,0.0,0.0
1526667379.48343897,78770979,-0.28,-0.91,-0.68,4735.16796875,-0.72,-1.35,339.82,339.67,0.0,0.0
1526667379.58339906,78870939,-0.11,-0.83,-0.52,4446.75830078,-0.45,-1.09,339.82,339.5,0.0,0.01
1526667379.68335915,78970899,0.05,-0.71,-0.33,4233.95556641,-0.19,-0.81,339.82,339.37,0.0,0.01
1526667379.78331900,79070859,0.23,-0.53,-0.12,4066.45361328,0.0,-0.5,339.82,339.3,0.0,0.01
1526667379.88327909,79170819,0.38,-0.32,0.08,3924.51245117,0.18,-0.21,339.82,339.31,0.0,0.01
1526667379.98323894,79270779,0.5,-0.1,0.27,3792.52880859,0.29,0.0,339.82,339.33,0.0,0.04
1526667380.08319902,79370739,0.6,0.09,0.44,3663.62890625,0.37,0.13,339.82,339.33,0.0,0.05
1526667380.18399215,79471532,0.64,0.25,0.58,3539.27099609,0.39,0.15,339.82,339.38,0.0,0.05
1526667380.28395200,79571492,0.63,0.32,0.67,3426.43383789,0.41,0.18,339.82,339.47,0.0,0.01
1526667380.38391209,79671452,0.59,0.35,0.71,3331.75537109,0.43,0.21,339.82,339.51,0.0,0.01
1526667380.48387194,79771412,0.58,0.37,0.72,3244.27978516,0.46,0.33,339.82,339.56,0.0,0.01
1526667380.58383203,79871372,0.57,0.45,0.69,3145.828125,0.47,0.48,339.82,339.68,0.0,0.01
1526667380.68379211,79971332,0.53,0.5,0.64,3035.29882812,0.43,0.58,339.82,339.76,0.0,0.01
1526667380.78375196,80071292,0.5,0.54,0.59,2923.00415039,0.4,0.59,339.82,339.74,0.0,0.01
1526667380.88371205,80171252,0.47,0.59,0.53,8.67167377472,0.42,0.58,339.82,339.77,0.0,0.01
1526667380.98367214,80271212,0.43,0.7,0.48,107.413497925,0.41,0.57,339.82,339.84,0.0,0.01
1526667381.08363199,80371172,0.35,0.76,0.42,343.837127686,0.39,0.55,339.82,339.92,0.0,0.01
1526667381.18359208,80471132,0.26,0.76,0.36,597.085571289,0.37,0.46,339.82,339.94,0.0,0.0
1526667381.28355193,80571092,0.18,0.7,0.3,789.333374023,0.36,0.32,339.82,339.97,0.0,0.0
1526667381.38351202,80671052,0.09,0.56,0.23,892.620300293,0.38,0.17,339.82,340.01,0.0,0.0
1526667381.48347211,80771012,0.01,0.31,0.15,854.791564941,0.43,0.08,339.82,340.05,0.0,0.0
1526667381.58343196,80870972,-0.01,0.09,0.07,758.427001953,0.5,0.11,339.82,340.07,0.0,0.0
1526667381.68339205,80970932,0.01,-0.07,0.02,678.256652832,0.58,0.2,339.82,340.06,0.0,0.0
1526667381.78335214,81070892,0.08,-0.15,0.0,624.514831543,0.65,0.34,339.82,340.05,0.0,0.0
1526667381.88331199,81170852,0.16,-0.16,0.0,590.398803711,0.65,0.54,339.82,340.03,0.0,0.0
1526667381.98327208,81270812,0.23,-0.14,0.04,566.452453613,0.62,0.69,339.82,339.98,0.0,0.0
1526667382.08323193,81370772,0.27,-0.05,0.1,544.570617676,0.57,0.81,339.82,339.92,0.0,0.05
1526667382.18402505,81471565,0.32,0.09,0.17,515.702148438,0.5,0.86,339.82,339.81,0.0,0.05
1526667382.28398514,81571525,0.36,0.23,0.24,483.19744873,0.43,0.86,339.82,339.65,0.0,0.01
1526667382.38394499,81671485,0.33,0.33,0.31,453.06451416,0.35,0.82,339.82,339.48,0.0,0.0
1526667382.48390508,81771445,0.32,0.38,0.35,426.630981445,0.27,0.75,339.82,339.42,0.0,0.0
1526667382.58386493,81871405,0.28,0.42,0.37,403.331848145,0.2,0.64,339.82,339.41,0.0,0.0
1526667382.68382502,81971365,0.26,0.49,0.37,385.056182861,0.16,0.54,339.82,339.46,0.0,0.0
1526667382.78378510,82071325,0.24,0.53,0.35,377.659759521,0.1,0.4,339.82,339.59,0.0,0.0
1526667382.88374496,82171285,0.21,0.45,0.31,372.114959717,0.11,0.28,339.82,339.73,0.0,0.0
1526667382.98370504,82271245,0.16,0.33,0.27,359.529571533,0.16,0.2,339.82,339.8,0.0,0.0
1526667383.08366513,82371205,0.1,0.18,0.22,344.273864746,0.2,0.15,339.82,339.82,0.0,0.0
1526667383.18362498,82471165,0.07,0.06,0.17,333.377655029,0.27,0.11,339.82,339.75,0.0,0.0
1526667383.28358507,82571125,0.1,-0.01,0.12,326.917236328,0.33,0.11,339.82,339.65,0.0,0.0
1526667383.38354492,82671085,0.14,-0.03,0.09,321.18560791,0.37,0.15,339.82,339.56,0.0,0.0
1526667383.48350501,82771045,0.17,-0.06,0.09,186.235549927,0.38,0.24,339.82,339.55,0.0,0.0
1526667383.58346510,82871005,0.19,-0.02,0.1,189.353012085,0.4,0.36,339.82,339.58,0.0,0.0
1526667383.68342495,82970965,0.2,0.05,0.12,160.726913452,0.42,0.44,339.82,339.68,0.0,0.0
1526667383.78338504,83070925,0.21,0.16,0.15,125.992111206,0.44,0.52,339.82,339.77,0.0,0.0
1526667383.88334513,83170885,0.25,0.27,0.19,106.202362061,0.4,0.55,339.82,339.89,0.0,0.0
1526667383.98330498,83270845,0.26,0.36,0.22,109.952095032,0.35,0.53,339.82,339.99,0.0,0.0
1526667384.08326507,83370805,0.25,0.38,0.25,119.365974426,0.34,0.5,339.82,340.09,0.0,0.0
1526667384.18322515,83470765,0.24,0.36,0.26,119.124526978,0.3,0.49,339.82,340.17,0.0,0.06
1526667384.28401804,83571558,0.22,0.43,0.27,121.397590637,0.3,0.43,339.82,340.18,0.0,0.06
1526667384.38397813,83671518,0.2,0.49,0.26,146.460876465,0.3,0.36,339.82,340.17,0.0,0.01
1526667384.48393798,83771478,0.15,0.53,0.24,190.831848145,0.32,0.3,339.82,340.12,0.0,0.0
1526667384.58389807,83871438,0.1,0.52,0.21,248.767776489,0.36,0.23,339.82,340.03,0.0,0.0
1526667384.68385816,83971398,0.05,0.43,0.17,292.756835938,0.35,0.24,339.82,339.98,0.0,0.0
1526667384.78381801,84071358,0.01,0.36,0.12,315.103912354,0.35,0.23,339.82,339.94,0.0,0.0
1526667384.88377810,84171318,-0.03,0.32,0.06,335.085571289,0.35,0.14,339.82,339.99,0.0,0.0
1526667384.98373795,84271278,-0.05,0.22,0.01,345.662414551,0.35,0.03,339.82,340.06,0.0,0.0
1526667385.08369803,84371238,-0.01,0.08,-0.01,339.005249023,0.38,0.0,339.82,340.14,0.0,0.0
1526667385.18365812,84471198,0.03,-0.02,-0.02,321.901489258,0.44,0.03,339.82,340.13,0.0,0.0
1526667385.28361797,84571158,0.07,-0.09,-0.02,305.672821045,0.49,0.06,339.82,340.02,0.0,0.0
1526667385.38357806,84671118,0.15,-0.16,0.01,297.533050537,0.56,0.13,339.82,339.87,0.0,0.0
1526667385.48353815,84771078,0.25,-0.19,0.06,305.566253662,0.64,0.31,339.82,339.71,0.0,0.0
1526667385.58349800,84871038,0.34,-0.19,0.14,333.746795654,0.69,0.53,339.82,339.59,0.0,0.0
1526667385.68345809,84970998,0.42,-0.1,0.23,370.072967529,0.69,0.72,339.82,339.49,0.0,0.0
1526667385.78341794,85070958,0.5,0.05,0.33,395.84664917,0.65,0.81,339.82,339.46,0.0,0.0
1526667385.88337803,85170918,0.55,0.22,0.42,405.180969238,0.57,0.85,339.82,339.51,0.0,0.01
1526667385.98333812,85270878,0.61,0.38,0.51,400.562103271,0.47,0.84,339.82,339.56,0.0,0.0
1526667386.08329797,85370838,0.62,0.47,0.58,129.28175354,0.34,0.77,339.82,339.6,0.0,0.0
1526667386.18325806,85470798,0.62,0.49,0.63,144.309616089,0.26,0.71,339.82,339.72,0.0,0.0
1526667386.28321815,85570758,0.6,0.55,0.65,153.970550537,0.19,0.62,339.82,339.8,0.0,0.05
1526667386.38401103,85671551,0.58,0.63,0.66,131.350921631,0.09,0.5,339.82,339.81,0.0,0.06
1526667386.48397112,85771511,0.53,0.73,0.64,109.407119751,0.01,0.37,339.82,339.8,0.0,0.01
1526667386.58393097,85871471,0.45,0.8,0.6,127.006134033,-0.02,0.21,339.82,339.79,0.0,0.0
1526667386.68389106,85971431,0.34,0.76,0.53,172.825408936,-0.08,0.08,339.82,339.77,0.0,0.0
1526667386.78385115,86071391,0.22,0.7,0.45,218.564575195,-0.11,-0.06,339.82,339.72,0.0,0.0
1526667386.88381100,86171351,0.1,0.59,0.34,263.642486572,-0.12,-0.19,339.82,339.66,0.0,0.0
1526667386.98377109,86271311,0.01,0.46,0.22,293.022369385,-0.1,-0.22,339.82,339.63,0.0,0.0
1526667387.08373094,86371271,-0.06,0.39,0.11,325.118652344,-0.03,-0.25,339.82,339.64,0.0,0.0
1526667387.18369102,86471231,-0.13,0.29,0.0,363.750488281,0.03,-0.26,339.82,339.64,0.0,0.0
1526667387.28365111,86571191,-0.17,0.14,-0.08,388.98538208,0.1,-0.25,339.82,339.66,0.0,0.0
1526667387.38361096,86671151,-0.14,-0.02,-0.14,384.22366333,0.17,-0.22,339.82,339.68,0.0,0.0
1526667387.48357105,86771111,-0.11,-0.17,-0.17,362.595123291,0.25,-0.19,339.82,339.63,0.0,0.0
1526667387.58353114,86871071,-0.05,-0.32,-0.17,343.734283447,0.33,-0.1,339.82,339.6,0.0,0.0
1526667387.68349099,86971031,0.02,-0.36,-0.14,344.294403076,0.36,0.02,339.82,339.62,0.0,0.0
1526667387.78345108,87070991,0.13,-0.34,-0.07,355.588165283,0.4,0.17,339.82,339.63,0.0,0.0
1526667387.88341093,87170951,0.24,-0.27,0.01,375.982452393,0.39,0.3,339.82,339.63,0.0,0.0
1526667387.98337102,87270911,0.31,-0.15,0.11,395.210540771,0.33,0.39,339.82,339.67,0.0,0.0
1526667388.08333111,87370871,0.36,-0.02,0.22,405.89251709,0.29,0.48,339.82,339.7,0.0,0.0
1526667388.18329096,87470831,0.37,0.12,0.31,410.05078125,0.22,0.53,339.82,339.76,0.0,0.0
1526667388.28325105,87570791,0.41,0.25,0.38,404.379119873,0.15,0.52,339.82,339.82,0.0,0.05
1526667388.38321114,87670751,0.45,0.4,0.44,391.005767822,0.07,0.49,339.82,339.86,0.0,0.06
1526667388.48400402,87771544,0.42,0.54,0.47,375.779937744,0.0,0.4,339.82,339.88,0.0,0.06
1526667388.58396411,87871504,0.39,0.61,0.48,364.424682617,-0.05,0.29,339.82,339.87,0.0,0.01
1526667388.68392396,87971464,0.29,0.66,0.46,255.06652832,-0.1,0.11,339.82,339.77,0.0,0.0
1526667388.78388405,88071424,0.18,0.69,0.41,408.836547852,-0.1,-0.07,339.82,339.75,0.0,0.0
1526667388.88384414,88171384,0.09,0.58,0.33,495.786621094,-0.08,-0.14,339.82,339.79,0.0,0.0
1526667388.98380399,88271344,0.0,0.45,0.23,504.79473877,-0.03,-0.18,339.82,339.88,0.0,0.0
1526667389.08376408,88371304,-0.06,0.29,0.12,471.687896729,-0.03,-0.24,339.82,339.99,0.0,0.0
1526667389.18372393,88471264,-0.11,0.09,0.02,414.288848877,0.0,-0.29,339.82,340.04,0.0,0.0
1526667389.28368402,88571224,-0.1,-0.03,-0.05,357.81137085,0.06,-0.31,339.82,340.03,0.0,0.0
1526667389.38364410,88671184,-0.07,-0.15,-0.1,313.850738525,0.15,-0.27,339.82,340.05,0.0,0.0
1526667389.48360395,88771144,-0.03,-0.21,-0.12,284.663146973,0.22,-0.18,339.82,340.06,0.0,0.0
1526667389.58356404,88871104,0.05,-0.23,-0.11,266.126281738,0.29,-0.09,339.82,340.06,0.0,0.0
1526667389.68352413,88971064,0.14,-0.21,-0.06,256.833282471,0.35,-0.03,339.82,340.07,0.0,0.0
1526667389.78348398,89071024,0.21,-0.21,0.0,262.442474365,0.36,0.04,339.82,340.08,0.0,0.0
1526667389.88344407,89170984,0.29,-0.18,0.09,292.17578125,0.35,0.15,339.82,340.0,0.0,0.0
1526667389.98340416,89270944,0.39,-0.13,0.19,332.410308838,0.33,0.28,339.82,339.91,0.0,0.0
1526667390.08336401,89370904,0.46,-0.03,0.29,385.375793457,0.33,0.42,339.82,339.81,0.0,0.0
1526667390.18332410,89470864,0.49,0.09,0.39,425.333679199,0.28,0.42,339.82,339.78,0.0,0.0
1526667390.28328395,89570824,0.49,0.2,0.47,450.775878906,0.24,0.39,339.82,339.82,0.0,0.0
1526667390.38324404,89670784,0.48,0.29,0.52,462.768707275,0.18,0.36,339.82,339.86,0.0,0.05
1526667390.48320413,89770744,0.46,0.37,0.54,461.169464111,0.15,0.4,339.82,339.88,0.0,0.06
1526667390.58399701,89871537,0.42,0.5,0.53,444.461090088,0.07,0.41,339.82,339.89,0.0,0.06
1526667390.68395710,89971497,0.39,0.56,0.51,423.560577393,-0.04,0.35,339.82,339.9,0.0,0.01
1526667390.78391695,90071457,0.31,0.59,0.47,407.187896729,-0.16,0.25,339.82,339.89,0.0,0.0
1526667390.88387704,90171417,0.21,0.62,0.4,400.980560303,-0.22,0.12,339.82,339.88,0.0,0.0
1526667390.98383713,90271377,0.11,0.6,0.32,410.05682373,-0.26,-0.06,339.82,339.92,0.0,0.0
1526667391.08379698,90371337,0.03,0.51,0.23,424.972259521,-0.25,-0.25,339.82,339.97,0.0,0.0
1526667391.18375707,90471297,-0.04,0.37,0.13,434.346252441,-0.19,-0.37,339.82,340.0,0.0,0.0
1526667391.28371716,90571257,-0.07,0.24,0.04,488.243896484,-0.1,-0.43,339.82,340.06,0.0,0.0
1526667391.38367701,90671217,-0.08,0.04,-0.03,347.006286621,0.0,-0.45,339.82,340.12,0.0,0.0
1526667391.48363709,90771177,-0.07,-0.11,-0.08,235.94859314,0.1,-0.37,339.82,340.12,0.0,0.0
1526667391.58359694,90871137,-0.04,-0.19,-0.1,186.024810791,0.2,-0.27,339.82,340.11,0.0,0.0
1526667391.68355703,90971097,0.0,-0.25,-0.1,177.746444702,0.26,-0.1,339.82,340.06,0.0,0.0
1526667391.78351712,91071057,0.06,-0.27,-0.07,196.066665649,0.29,0.05,339.82,340.03,0.0,0.0
1526667391.88347697,91171017,0.14,-0.26,-0.02,232.099746704,0.28,0.15,339.82,339.93,0.0,0.0
1526667391.98343706,91270977,0.2,-0.21,0.04,277.604522705,0.26,0.25,339.82,339.83,0.0,0.0
1526667392.08339715,91370937,0.26,-0.13,0.12,312.792144775,0.21,0.26,339.82,339.82,0.0,0.0
1526667392.18335700,91470897,0.31,-0.04,0.2,343.788482666,0.15,0.3,339.82,339.86,0.0,0.0
1526667392.28331709,91570857,0.41,0.07,0.28,358.307739258,0.13,0.4,339.82,339.89,0.0,0.0
1526667392.38327694,91670817,0.49,0.2,0.36,358.093170166,0.07,0.45,339.82,339.9,0.0,0.0
1526667392.48323703,91770777,0.52,0.36,0.44,343.383270264,0.01,0.43,339.82,339.99,0.0,0.05
1526667392.58319712,91870737,0.52,0.48,0.5,320.58807373,-0.06,0.37,339.82,340.1,0.0,0.06
1526667392.68399000,91971530,0.49,0.55,0.54,299.450164795,-0.11,0.3,339.82,340.19,0.0,0.06
1526667392.78395009,92071490,0.45,0.65,0.55,283.421966553,-0.15,0.2,339.82,340.21,0.0,0.01
1526667392.88390994,92171450,0.38,0.68,0.53,276.537384033,-0.19,0.07,339.82,340.21,0.0,0.0
1526667392.98387003,92271410,0.31,0.67,0.48,277.070831299,-0.21,-0.09,339.82,340.23,0.0,0.0
1526667393.08383012,92371370,0.25,0.62,0.41,282.406311035,-0.17,-0.23,339.82,340.18,0.0,0.0
1526667393.18378997,92471330,0.18,0.57,0.34,291.078582764,-0.12,-0.28,339.82,340.05,0.0,0.0
1526667393.28375006,92571290,0.08,0.53,0.25,308.178894043,-0.05,-0.3,339.82,339.94,0.0,0.0
1526667393.38371015,92671250,0.0,0.41,0.16,326.074493408,0.03,-0.32,339.82,339.81,0.0,0.0
1526667393.48367000,92771210,-0.06,0.26,0.07,332.612304688,0.12,-0.24,339.82,339.73,0.0,0.0
1526667393.58363008,92871170,-0.08,0.1,0.0,329.353210449,0.21,-0.12,339.82,339.74,0.0,0.0
1526667393.68358994,92971130,-0.07,-0.08,-0.06,317.486206055,0.26,0.02,339.82,339.72,0.0,0.0
1526667393.78355002,93071090,-0.02,-0.21,-0.09,307.456054688,0.29,0.1,339.82,339.76,0.0,0.0
1526667393.88351011,93171050,0.05,-0.27,-0.08,239.560089111,0.26,0.16,339.82,339.78,0.0,0.0
1526667393.98346996,93271010,0.16,-0.27,-0.04,331.415985107,0.26,0.23,339.82,339.78,0.0,0.0
1526667394.08343005,93370970,0.28,-0.2,0.02,398.958221436,0.28,0.31,339.82,339.78,0.0,0.0
1526667394.18339014,93470930,0.39,-0.1,0.13,431.984954834,0.3,0.36,339.82,339.73,0.0,0.0
1526667394.28334999,93570890,0.46,-0.02,0.25,474.991333008,0.3,0.39,339.82,339.59,0.0,0.0
1526667394.38331008,93670850,0.54,0.06,0.36,540.041687012,0.3,0.39,339.82,339.46,0.0,0.0
1526667394.48326993,93770810,0.6,0.15,0.47,602.34954834,0.27,0.39,339.82,339.33,0.0,0.0
1526667394.58323002,93870770,0.65,0.24,0.56,663.111572266,0.23,0.39,339.82,339.26,0.0,0.05
1526667394.68402314,93971563,0.68,0.31,0.64,711.925476074,0.18,0.36,339.82,339.22,0.0,0.06
1526667394.78398299,94071523,0.69,0.4,0.69,744.127685547,0.15,0.33,339.82,339.21,0.0,0.01
1526667394.88394308,94171483,0.64,0.45,0.72,750.659362793,0.14,0.23,339.82,339.25,0.0,0.0
1526667394.98390293,94271443,0.59,0.48,0.72,743.817749023,0.15,0.18,339.82,339.29,0.0,0.0
1526667395.08386302,94371403,0.53,0.54,0.68,718.146911621,0.16,0.16,339.82,339.45,0.0,0.0
1526667395.18382311,94471363,0.46,0.62,0.63,673.738525391,0.19,0.18,339.82,339.62,0.0,0.0
1526667395.28378296,94571323,0.39,0.69,0.56,632.520568848,0.21,0.19,339.82,339.82,0.0,0.0
1526667395.38374305,94671283,0.31,0.66,0.47,608.671081543,0.22,0.14,339.82,339.99,0.0,0.0
1526667395.48370314,94771243,0.23,0.61,0.38,597.023986816,0.22,0.15,339.82,340.17,0.0,0.0
1526667395.58366299,94871203,0.15,0.52,0.3,590.079956055,0.23,0.15,339.82,340.29,0.0,0.0
1526667395.68362308,94971163,0.08,0.45,0.21,587.218139648,0.24,0.18,339.82,340.34,0.0,0.0
1526667395.78358293,95071123,0.03,0.35,0.13,583.817199707,0.25,0.13,339.82,340.31,0.0,0.0
1526667395.88354301,95171083,0.0,0.23,0.06,574.011291504,0.24,0.09,339.82,340.18,0.0,0.0
1526667395.98350310,95271043,-0.01,0.17,0.01,559.725219727,0.21,0.04,339.82,340.04,0.0,0.0
1526667396.08346295,95371003,-0.02,0.1,-0.02,544.849121094,0.17,0.03,339.82,339.96,0.0,0.0
1526667396.18342304,95470963,-0.01,-0.01,-0.03,524.276977539,0.16,0.04,339.82,339.83,0.0,0.0
1526667396.28338313,95570923,0.02,-0.11,-0.03,503.962341309,0.15,0.1,339.82,339.64,0.0,0.0
1526667396.38334298,95670883,0.09,-0.16,-0.01,489.566802979,0.16,0.19,339.82,339.45,0.0,0.0
1526667396.48330307,95770843,0.16,-0.1,0.03,204.462005615,0.15,0.28,339.82,339.31,0.0,0.0
1526667396.58326316,95870803,0.22,0.02,0.08,154.081970215,0.14,0.36,339.82,339.28,0.0,0.0
1526667396.68322301,95970763,0.22,0.1,0.15,113.329414368,0.12,0.38,339.82,339.35,0.0,0.05
1526667396.78401613,96071556,0.21,0.16,0.2,89.8091888428,0.07,0.34,339.82,339.46,0.0,0.06
1526667396.88397598,96171516,0.21,0.2,0.23,76.4902877808,0.01,0.34,339.82,339.55,0.0,0.01
1526667396.98393607,96271476,0.2,0.33,0.25,65.6918563843,-0.03,0.3,339.82,339.66,0.0,0.0
1526667397.08389616,96371436,0.16,0.44,0.26,84.689956665,-0.06,0.16,339.82,339.78,0.0,0.0
1526667397.18385601,96471396,0.15,0.46,0.24,126.156539917,-0.09,0.03,339.82,339.85,0.0,0.0
1526667397.28381610,96571356,0.15,0.44,0.22,166.393539429,-0.08,-0.1,339.82,339.85,0.0,0.0
1526667397.38377595,96671316,0.13,0.41,0.19,196.156723022,-0.06,-0.19,339.82,339.89,0.0,0.0
1526667397.48373604,96771276,0.12,0.36,0.17,216.029434204,-0.06,-0.24,339.82,339.95,0.0,0.0
1526667397.58369613,96871236,0.09,0.3,0.14,222.198745728,-0.03,-0.28,339.82,339.97,0.0,0.0
1526667397.68365598,96971196,0.04,0.22,0.11,218.16217041,0.04,-0.3,339.82,339.94,0.0,0.0
1526667397.78361607,97071156,0.02,0.11,0.08,205.891082764,0.09,-0.31,339.82,339.9,0.0,0.0
1526667397.88357615,97171116,0.02,0.02,0.05,192.385604858,0.13,-0.27,339.82,339.84,0.0,0.0
1526667397.98353601,97271076,0.02,-0.04,0.03,182.105010986,0.21,-0.19,339.82,339.88,0.0,0.0
1526667398.08349609,97371036,0.03,-0.04,0.02,174.614517212,0.28,-0.07,339.82,339.89,0.0,0.0
1526667398.18345594,97470996,0.05,-0.07,0.02,168.370529175,0.33,-0.04,339.82,339.88,0.0,0.0
1526667398.28341603,97570956,0.11,-0.12,0.03,166.792633057,0.36,0.01,339.82,339.8,0.0,0.0
1526667398.38337612,97670916,0.14,-0.14,0.05,173.978820801,0.37,0.15,339.82,339.72,0.0,0.0
1526667398.48333597,97770876,0.19,-0.13,0.09,187.262649536,0.34,0.28,339.82,339.6,0.0,0.0
1526667398.58329606,97870836,0.23,-0.09,0.13,203.430648804,0.33,0.41,339.82,339.49,0.0,0.0
1526667398.68325615,97970796,0.27,-0.03,0.18,216.161972046,0.31,0.47,339.82,339.46,0.0,0.0
1526667398.78321600,98070756,0.29,0.0,0.23,228.516983032,0.32,0.48,339.82,339.45,0.0,0.05
1526667398.88400912,98171549,0.31,0.08,0.27,237.352661133,0.29,0.47,339.82,339.48,0.0,0.06
1526667398.98396897,98271509,0.34,0.16,0.31,240.891967773,0.27,0.45,339.82,339.53,0.0,0.01
1526667399.08392906,98371469,0.32,0.23,0.33,163.429519653,0.26,0.47,339.82,339.61,0.0,0.0
1526667399.18388915,98471429,0.31,0.23,0.34,146.963409424,0.27,0.5,339.82,339.69,0.0,0.0
1526667399.28384900,98571389,0.29,0.24,0.34,139.45803833,0.27,0.51,339.82,339.74,0.0,0.0
1526667399.38380909,98671349,0.27,0.24,0.33,131.140258789,0.31,0.54,339.82,339.77,0.0,0.0
1526667399.48376894,98771309,0.04,0.25,0.3,116.630401611,0.22,0.55,339.82,339.85,0.0,0.0
1526667399.58372903,98871269,-0.17,0.26,0.21,98.6254730225,0.15,0.47,339.82,339.91,0.0,0.0
1526667399.68368912,98971229,-0.27,0.21,0.08,97.7803421021,0.14,0.36,339.82,339.93,0.0,0.0
1526667399.78364897,99071189,-0.33,0.13,-0.05,117.127159119,0.15,0.29,339.82,339.92,0.0,0.0
1526667399.88360906,99171149,-0.37,0.07,-0.18,160.772247314,0.17,0.24,339.82,339.91,0.0,0.0
1526667399.98356915,99271109,-0.4,0.02,-0.29,228.595581055,0.19,0.21,339.82,339.92,0.0,0.0
1526667400.08352900,99371069,-0.43,-0.03,-0.38,310.872314453,0.21,0.2,339.82,339.91,0.0,0.0
